{
  "model_name": "Logistic Regression",
  "sampling_strategy": "SMOTE",
  "timestamp": "20250801_145958",
  "best_weight": 0.05,
  "data_file": "combined_analysis_data.csv",
  "metrics": {
    "accuracy": 0.9346423562412343,
    "precision": 0.9618213017185026,
    "recall": 0.9346423562412343,
    "f1_score": 0.9442538014500399,
    "auc": 0.9450337043884801,
    "minority_precision": 0.4305750350631136,
    "minority_recall": 0.8365122615803815,
    "minority_f1": 0.5685185185185185,
    "per_class_precision": [
      0.9906498363721365,
      0.4305750350631136
    ],
    "per_class_recall": [
      0.9399674700576667,
      0.8365122615803815
    ],
    "per_class_f1": [
      0.9646433990895296,
      0.5685185185185185
    ]
  },
  "model_path": "final_model\\logistic_smote_model_20250801_145958.joblib",
  "vectorizer_path": "final_model\\logistic_smote_vectorizer_20250801_145958.joblib",
  "smote_path": "final_model\\logistic_smote_sampler_20250801_145958.joblib",
  "vectorizer_params": {
    "max_features": 5000,
    "stop_words": "english"
  },
  "model_params": {
    "max_iter": 1000,
    "random_state": 42
  },
  "smote_params": {
    "random_state": 42,
    "k_neighbors": 5
  }
}